{
    "bindings": [
        {
            "font": "{3809c5c5-4639-45e7-9428-aec1c1e38d6c}",
            "language": "{c2104858-47f1-4eaf-80ac-068fb1590166}",
            "string": "{03012aca-e39c-4025-b28f-2cae316629d9}"
        },
        {
            "font": "{3809c5c5-4639-45e7-9428-aec1c1e38d6c}",
            "language": "{c2104858-47f1-4eaf-80ac-068fb1590166}",
            "string": "{7cda4014-dc82-469d-9789-e3a97a3189c6}"
        },
        {
            "font": "{3809c5c5-4639-45e7-9428-aec1c1e38d6c}",
            "language": "{c2104858-47f1-4eaf-80ac-068fb1590166}",
            "string": "{91a874c8-ac5a-4548-8e3b-37d01dc8c9af}"
        }
    ],
    "defaultLanguage": "{c2104858-47f1-4eaf-80ac-068fb1590166}",
    "encoding": "ASCII",
    "languages": [
        {
            "properties": {
                "__categories": [
                ],
                "__groups": [
                ],
                "enabled": {
                    "enabled": true,
                    "type": "boolean",
                    "value": true,
                    "visible": true
                },
                "id": {
                    "enabled": true,
                    "type": "uuid",
                    "value": "{c2104858-47f1-4eaf-80ac-068fb1590166}",
                    "visible": true
                },
                "name": {
                    "enabled": true,
                    "type": "text",
                    "value": "Default",
                    "visible": true
                }
            }
        }
    ],
    "paths": [
    ],
    "strings": [
        {
            "properties": {
                "__categories": [
                ],
                "__groups": [
                ],
                "description": {
                    "enabled": true,
                    "type": "text",
                    "value": "",
                    "visible": true
                },
                "id": {
                    "enabled": true,
                    "type": "uuid",
                    "value": "{03012aca-e39c-4025-b28f-2cae316629d9}",
                    "visible": true
                },
                "name": {
                    "enabled": true,
                    "type": "text",
                    "value": "Fast",
                    "visible": true
                },
                "path": {
                    "enabled": true,
                    "type": "text",
                    "value": "/",
                    "visible": true
                }
            },
            "values": [
                {
                    "language": "{c2104858-47f1-4eaf-80ac-068fb1590166}",
                    "value": "Fast."
                }
            ]
        },
        {
            "properties": {
                "__categories": [
                ],
                "__groups": [
                ],
                "description": {
                    "enabled": true,
                    "type": "text",
                    "value": "",
                    "visible": true
                },
                "id": {
                    "enabled": true,
                    "type": "uuid",
                    "value": "{7cda4014-dc82-469d-9789-e3a97a3189c6}",
                    "visible": true
                },
                "name": {
                    "enabled": true,
                    "type": "text",
                    "value": "Easy",
                    "visible": true
                },
                "path": {
                    "enabled": true,
                    "type": "text",
                    "value": "/",
                    "visible": true
                }
            },
            "values": [
                {
                    "language": "{c2104858-47f1-4eaf-80ac-068fb1590166}",
                    "value": "Easy."
                }
            ]
        },
        {
            "properties": {
                "__categories": [
                ],
                "__groups": [
                ],
                "description": {
                    "enabled": true,
                    "type": "text",
                    "value": "",
                    "visible": true
                },
                "id": {
                    "enabled": true,
                    "type": "uuid",
                    "value": "{91a874c8-ac5a-4548-8e3b-37d01dc8c9af}",
                    "visible": true
                },
                "name": {
                    "enabled": true,
                    "type": "text",
                    "value": "Smart",
                    "visible": true
                },
                "path": {
                    "enabled": true,
                    "type": "text",
                    "value": "/",
                    "visible": true
                }
            },
            "values": [
                {
                    "language": "{c2104858-47f1-4eaf-80ac-068fb1590166}",
                    "value": "Smart."
                }
            ]
        }
    ]
}
