{
    "images": [
        {
            "id": "{4f51ec36-b85f-431e-be26-60b7f502169b}",
            "name": "mchpLogo_small",
            "type": "RGB"
        },
        {
            "id": "{73e84d5a-8837-4a98-b683-52d3118846d6}",
            "name": "MHGS_logo_smaller",
            "type": "RGB"
        },
        {
            "id": "{77b61ce1-9965-45d0-be5f-e791f373bd6f}",
            "name": "QuickstartDown_WQVGA",
            "type": "RGB"
        },
        {
            "id": "{fcf22051-ee1d-4366-ad6e-679cdf55d3b8}",
            "name": "QuickstartUp_WQVGA",
            "type": "RGB"
        }
    ],
    "paths": [
    ]
}
